<?xml version="1.0" encoding="UTF-8"?>
<!DOCTYPE mapper PUBLIC "-//mybatis.org//DTD Mapper 3.0//EN" "http://mybatis.org/dtd/mybatis-3-mapper.dtd">
<mapper namespace="com.sanzu.pojo.BuMenMapper">
  <resultMap id="BaseResultMap" type="com.sanzu.pojo.BuMen">
    <!--
      WARNING - @mbg.generated
      This element is automatically generated by MyBatis Generator, do not modify.
    -->
    <id column="id" jdbcType="VARCHAR" property="id" />
    <result column="bumenmingcheng" jdbcType="VARCHAR" property="bumenmingcheng" />
    <result column="chenglishijian" jdbcType="DATE" property="chenglishijian" />
    <result column="bumenmiaoshu" jdbcType="VARCHAR" property="bumenmiaoshu" />
  </resultMap>
  <sql id="Base_Column_List">
    <!--
      WARNING - @mbg.generated
      This element is automatically generated by MyBatis Generator, do not modify.
    -->
    id, bumenmingcheng, chenglishijian, bumenmiaoshu
  </sql>
  <select id="selectBuMen" parameterType="java.lang.String" resultMap="BaseResultMap">
    <!--
      WARNING - @mbg.generated
      This element is automatically generated by MyBatis Generator, do not modify.
    -->
    select
    <include refid="Base_Column_List" />
    from bumen
  </select>
  <select id="selectByPrimaryKey" parameterType="java.lang.String" resultMap="BaseResultMap">
    <!--
      WARNING - @mbg.generated
      This element is automatically generated by MyBatis Generator, do not modify.
    -->
    select 
    <include refid="Base_Column_List" />
    from bumen
    where id = #{id,jdbcType=VARCHAR}
  </select>
  <delete id="deleteByPrimaryKey" parameterType="java.lang.String">
    <!--
      WARNING - @mbg.generated
      This element is automatically generated by MyBatis Generator, do not modify.
    -->
    delete from bumen
    where id = #{id,jdbcType=VARCHAR}
  </delete>
  <insert id="insert" parameterType="com.sanzu.pojo.BuMen">
    <!--
      WARNING - @mbg.generated
      This element is automatically generated by MyBatis Generator, do not modify.
    -->
    insert into bumen (id, bumenmingcheng, chenglishijian, 
      bumenmiaoshu)
    values (#{id,jdbcType=VARCHAR}, #{bumenmingcheng,jdbcType=VARCHAR}, #{chenglishijian,jdbcType=DATE}, 
      #{bumenmiaoshu,jdbcType=VARCHAR})
  </insert>
  <insert id="insertSelective" parameterType="com.sanzu.pojo.BuMen">
    <!--
      WARNING - @mbg.generated
      This element is automatically generated by MyBatis Generator, do not modify.
    -->
    insert into bumen
    <trim prefix="(" suffix=")" suffixOverrides=",">
      <if test="id != null">
        id,
      </if>
      <if test="bumenmingcheng != null">
        bumenmingcheng,
      </if>
      <if test="chenglishijian != null">
        chenglishijian,
      </if>
      <if test="bumenmiaoshu != null">
        bumenmiaoshu,
      </if>
    </trim>
    <trim prefix="values (" suffix=")" suffixOverrides=",">
      <if test="id != null">
        #{id,jdbcType=VARCHAR},
      </if>
      <if test="bumenmingcheng != null">
        #{bumenmingcheng,jdbcType=VARCHAR},
      </if>
      <if test="chenglishijian != null">
        #{chenglishijian,jdbcType=DATE},
      </if>
      <if test="bumenmiaoshu != null">
        #{bumenmiaoshu,jdbcType=VARCHAR},
      </if>
    </trim>
  </insert>
  <update id="updateByPrimaryKeySelective" parameterType="com.sanzu.pojo.BuMen">
    <!--
      WARNING - @mbg.generated
      This element is automatically generated by MyBatis Generator, do not modify.
    -->
    update bumen
    <set>
      <if test="bumenmingcheng != null">
        bumenmingcheng = #{bumenmingcheng,jdbcType=VARCHAR},
      </if>
      <if test="chenglishijian != null">
        chenglishijian = #{chenglishijian,jdbcType=DATE},
      </if>
      <if test="bumenmiaoshu != null">
        bumenmiaoshu = #{bumenmiaoshu,jdbcType=VARCHAR},
      </if>
    </set>
    where id = #{id,jdbcType=VARCHAR}
  </update>
  <update id="updateByPrimaryKey" parameterType="com.sanzu.pojo.BuMen">
    <!--
      WARNING - @mbg.generated
      This element is automatically generated by MyBatis Generator, do not modify.
    -->
    update bumen
    set bumenmingcheng = #{bumenmingcheng,jdbcType=VARCHAR},
      chenglishijian = #{chenglishijian,jdbcType=DATE},
      bumenmiaoshu = #{bumenmiaoshu,jdbcType=VARCHAR}
    where id = #{id,jdbcType=VARCHAR}
  </update>
</mapper>