<?xml version="1.0" encoding="UTF-8"?>
<!DOCTYPE mapper PUBLIC "-//mybatis.org//DTD Mapper 3.0//EN" "http://mybatis.org/dtd/mybatis-3-mapper.dtd">
<mapper namespace="com.sanzu.pojo.YongHuMapper">
  <resultMap id="BaseResultMap" type="com.sanzu.pojo.YongHu">
    <!--
      WARNING - @mbg.generated
      This element is automatically generated by MyBatis Generator, do not modify.
    -->
    <id column="id" jdbcType="VARCHAR" property="id" />
    <result column="yonghuming" jdbcType="VARCHAR" property="yonghuming" />
    <result column="mima" jdbcType="VARCHAR" property="mima" />
    <result column="xingming" jdbcType="VARCHAR" property="xingming" />
    <result column="xingbie" jdbcType="VARCHAR" property="xingbie" />
    <result column="chushengriqi" jdbcType="DATE" property="chushengriqi" />
    <result column="wenhuachengdu" jdbcType="VARCHAR" property="wenhuachengdu" />
    <result column="lianxifangshi" jdbcType="VARCHAR" property="lianxifangshi" />
    <result column="suoshuzhuanye" jdbcType="VARCHAR" property="suoshuzhuanye" />
    <result column="suozaibum" jdbcType="VARCHAR" property="suozaibum" />
    <result column="gongzuozhiwei" jdbcType="VARCHAR" property="gongzuozhiwei" />
    <result column="jiatingdizhi" jdbcType="VARCHAR" property="jiatingdizhi" />
    <result column="zhengzhimianmao" jdbcType="VARCHAR" property="zhengzhimianmao" />
    <result column="ruzhishijian" jdbcType="DATE" property="ruzhishijian" />
  </resultMap>
  <sql id="Base_Column_List">
    <!--
      WARNING - @mbg.generated
      This element is automatically generated by MyBatis Generator, do not modify.
    -->
    id, yonghuming, mima, xingming, xingbie, chushengriqi, wenhuachengdu, lianxifangshi, 
    suoshuzhuanye, suozaibum, gongzuozhiwei, jiatingdizhi, zhengzhimianmao, ruzhishijian
  </sql>

  <select id="selectByYongHuMing" parameterType="java.lang.String" resultMap="BaseResultMap">
    <!--
      WARNING - @mbg.generated
      This element is automatically generated by MyBatis Generator, do not modify.
    -->
    select
    <include refid="Base_Column_List" />
    from yonghu
    where yonghuming = #{yonghuming,jdbcType=VARCHAR}
  </select>

  <select id="selectYongHu" parameterType="java.lang.String" resultMap="BaseResultMap">
    <!--
      WARNING - @mbg.generated
      This element is automatically generated by MyBatis Generator, do not modify.
    -->
    select
    <include refid="Base_Column_List" />
    from yonghu
  </select>

  <select id="selectByPrimaryKey" parameterType="java.lang.String" resultMap="BaseResultMap">
    <!--
      WARNING - @mbg.generated
      This element is automatically generated by MyBatis Generator, do not modify.
    -->
    select 
    <include refid="Base_Column_List" />
    from yonghu
    where id = #{id,jdbcType=VARCHAR}
  </select>
  <delete id="deleteByPrimaryKey" parameterType="java.lang.String">
    <!--
      WARNING - @mbg.generated
      This element is automatically generated by MyBatis Generator, do not modify.
    -->
    delete from yonghu
    where id = #{id,jdbcType=VARCHAR}
  </delete>
  <insert id="insert" parameterType="com.sanzu.pojo.YongHu">
    <!--
      WARNING - @mbg.generated
      This element is automatically generated by MyBatis Generator, do not modify.
    -->
    insert into yonghu (id, yonghuming, mima, 
      xingming, xingbie, chushengriqi, 
      wenhuachengdu, lianxifangshi, suoshuzhuanye, 
      suozaibum, gongzuozhiwei, jiatingdizhi, 
      zhengzhimianmao, ruzhishijian)
    values (#{id,jdbcType=VARCHAR}, #{yonghuming,jdbcType=VARCHAR}, #{mima,jdbcType=VARCHAR}, 
      #{xingming,jdbcType=VARCHAR}, #{xingbie,jdbcType=VARCHAR}, #{chushengriqi,jdbcType=DATE}, 
      #{wenhuachengdu,jdbcType=VARCHAR}, #{lianxifangshi,jdbcType=VARCHAR}, #{suoshuzhuanye,jdbcType=VARCHAR}, 
      #{suozaibum,jdbcType=VARCHAR}, #{gongzuozhiwei,jdbcType=VARCHAR}, #{jiatingdizhi,jdbcType=VARCHAR}, 
      #{zhengzhimianmao,jdbcType=VARCHAR}, #{ruzhishijian,jdbcType=DATE})
  </insert>
  <insert id="insertSelective" parameterType="com.sanzu.pojo.YongHu">
    <!--
      WARNING - @mbg.generated
      This element is automatically generated by MyBatis Generator, do not modify.
    -->
    insert into yonghu
    <trim prefix="(" suffix=")" suffixOverrides=",">
      <if test="id != null">
        id,
      </if>
      <if test="yonghuming != null">
        yonghuming,
      </if>
      <if test="mima != null">
        mima,
      </if>
      <if test="xingming != null">
        xingming,
      </if>
      <if test="xingbie != null">
        xingbie,
      </if>
      <if test="chushengriqi != null">
        chushengriqi,
      </if>
      <if test="wenhuachengdu != null">
        wenhuachengdu,
      </if>
      <if test="lianxifangshi != null">
        lianxifangshi,
      </if>
      <if test="suoshuzhuanye != null">
        suoshuzhuanye,
      </if>
      <if test="suozaibum != null">
        suozaibum,
      </if>
      <if test="gongzuozhiwei != null">
        gongzuozhiwei,
      </if>
      <if test="jiatingdizhi != null">
        jiatingdizhi,
      </if>
      <if test="zhengzhimianmao != null">
        zhengzhimianmao,
      </if>
      <if test="ruzhishijian != null">
        ruzhishijian,
      </if>
    </trim>
    <trim prefix="values (" suffix=")" suffixOverrides=",">
      <if test="id != null">
        #{id,jdbcType=VARCHAR},
      </if>
      <if test="yonghuming != null">
        #{yonghuming,jdbcType=VARCHAR},
      </if>
      <if test="mima != null">
        #{mima,jdbcType=VARCHAR},
      </if>
      <if test="xingming != null">
        #{xingming,jdbcType=VARCHAR},
      </if>
      <if test="xingbie != null">
        #{xingbie,jdbcType=VARCHAR},
      </if>
      <if test="chushengriqi != null">
        #{chushengriqi,jdbcType=DATE},
      </if>
      <if test="wenhuachengdu != null">
        #{wenhuachengdu,jdbcType=VARCHAR},
      </if>
      <if test="lianxifangshi != null">
        #{lianxifangshi,jdbcType=VARCHAR},
      </if>
      <if test="suoshuzhuanye != null">
        #{suoshuzhuanye,jdbcType=VARCHAR},
      </if>
      <if test="suozaibum != null">
        #{suozaibum,jdbcType=VARCHAR},
      </if>
      <if test="gongzuozhiwei != null">
        #{gongzuozhiwei,jdbcType=VARCHAR},
      </if>
      <if test="jiatingdizhi != null">
        #{jiatingdizhi,jdbcType=VARCHAR},
      </if>
      <if test="zhengzhimianmao != null">
        #{zhengzhimianmao,jdbcType=VARCHAR},
      </if>
      <if test="ruzhishijian != null">
        #{ruzhishijian,jdbcType=DATE},
      </if>
    </trim>
  </insert>
  <update id="updateByPrimaryKeySelective" parameterType="com.sanzu.pojo.YongHu">
    <!--
      WARNING - @mbg.generated
      This element is automatically generated by MyBatis Generator, do not modify.
    -->
    update yonghu
    <set>
      <if test="yonghuming != null">
        yonghuming = #{yonghuming,jdbcType=VARCHAR},
      </if>
      <if test="mima != null">
        mima = #{mima,jdbcType=VARCHAR},
      </if>
      <if test="xingming != null">
        xingming = #{xingming,jdbcType=VARCHAR},
      </if>
      <if test="xingbie != null">
        xingbie = #{xingbie,jdbcType=VARCHAR},
      </if>
      <if test="chushengriqi != null">
        chushengriqi = #{chushengriqi,jdbcType=DATE},
      </if>
      <if test="wenhuachengdu != null">
        wenhuachengdu = #{wenhuachengdu,jdbcType=VARCHAR},
      </if>
      <if test="lianxifangshi != null">
        lianxifangshi = #{lianxifangshi,jdbcType=VARCHAR},
      </if>
      <if test="suoshuzhuanye != null">
        suoshuzhuanye = #{suoshuzhuanye,jdbcType=VARCHAR},
      </if>
      <if test="suozaibum != null">
        suozaibum = #{suozaibum,jdbcType=VARCHAR},
      </if>
      <if test="gongzuozhiwei != null">
        gongzuozhiwei = #{gongzuozhiwei,jdbcType=VARCHAR},
      </if>
      <if test="jiatingdizhi != null">
        jiatingdizhi = #{jiatingdizhi,jdbcType=VARCHAR},
      </if>
      <if test="zhengzhimianmao != null">
        zhengzhimianmao = #{zhengzhimianmao,jdbcType=VARCHAR},
      </if>
      <if test="ruzhishijian != null">
        ruzhishijian = #{ruzhishijian,jdbcType=DATE},
      </if>
    </set>
    where id = #{id,jdbcType=VARCHAR}
  </update>
  <update id="updateByPrimaryKey" parameterType="com.sanzu.pojo.YongHu">
    <!--
      WARNING - @mbg.generated
      This element is automatically generated by MyBatis Generator, do not modify.
    -->
    update yonghu
    set yonghuming = #{yonghuming,jdbcType=VARCHAR},
      mima = #{mima,jdbcType=VARCHAR},
      xingming = #{xingming,jdbcType=VARCHAR},
      xingbie = #{xingbie,jdbcType=VARCHAR},
      chushengriqi = #{chushengriqi,jdbcType=DATE},
      wenhuachengdu = #{wenhuachengdu,jdbcType=VARCHAR},
      lianxifangshi = #{lianxifangshi,jdbcType=VARCHAR},
      suoshuzhuanye = #{suoshuzhuanye,jdbcType=VARCHAR},
      suozaibum = #{suozaibum,jdbcType=VARCHAR},
      gongzuozhiwei = #{gongzuozhiwei,jdbcType=VARCHAR},
      jiatingdizhi = #{jiatingdizhi,jdbcType=VARCHAR},
      zhengzhimianmao = #{zhengzhimianmao,jdbcType=VARCHAR},
      ruzhishijian = #{ruzhishijian,jdbcType=DATE}
    where id = #{id,jdbcType=VARCHAR}
  </update>
</mapper>