<?xml version="1.0" encoding="UTF-8"?>
<!DOCTYPE mapper PUBLIC "-//mybatis.org//DTD Mapper 3.0//EN" "http://mybatis.org/dtd/mybatis-3-mapper.dtd">
<mapper namespace="com.sanzu.pojo.ZhiWeiMapper">
  <resultMap id="BaseResultMap" type="com.sanzu.pojo.ZhiWei">
    <!--
      WARNING - @mbg.generated
      This element is automatically generated by MyBatis Generator, do not modify.
    -->
    <id column="id" jdbcType="VARCHAR" property="id" />
    <result column="zhiweimingcheng" jdbcType="VARCHAR" property="zhiweimingcheng" />
    <result column="zhiweimiaoshu" jdbcType="VARCHAR" property="zhiweimiaoshu" />
    <result column="chaxunquanxina" jdbcType="VARCHAR" property="chaxunquanxina" />
    <result column="kaohequanxian" jdbcType="VARCHAR" property="kaohequanxian" />
    <result column="tongjichaxun" jdbcType="VARCHAR" property="tongjichaxun" />
    <result column="quanxianguanli" jdbcType="VARCHAR" property="quanxianguanli" />
    <result column="houtaiguanli" jdbcType="VARCHAR" property="houtaiguanli" />
  </resultMap>
  <sql id="Base_Column_List">
    <!--
      WARNING - @mbg.generated
      This element is automatically generated by MyBatis Generator, do not modify.
    -->
    id, zhiweimingcheng, zhiweimiaoshu, chaxunquanxina, kaohequanxian, tongjichaxun, 
    quanxianguanli, houtaiguanli
  </sql>
  <select id="selectZhiWei" parameterType="java.lang.String" resultMap="BaseResultMap">
    <!--
      WARNING - @mbg.generated
      This element is automatically generated by MyBatis Generator, do not modify.
    -->
    select
    <include refid="Base_Column_List" />
    from zhiwei
  </select>
  <select id="selectByPrimaryKey" parameterType="java.lang.String" resultMap="BaseResultMap">
    <!--
      WARNING - @mbg.generated
      This element is automatically generated by MyBatis Generator, do not modify.
    -->
    select 
    <include refid="Base_Column_List" />
    from zhiwei
    where id = #{id,jdbcType=VARCHAR}
  </select>
  <delete id="deleteByPrimaryKey" parameterType="java.lang.String">
    <!--
      WARNING - @mbg.generated
      This element is automatically generated by MyBatis Generator, do not modify.
    -->
    delete from zhiwei
    where id = #{id,jdbcType=VARCHAR}
  </delete>
  <insert id="insert" parameterType="com.sanzu.pojo.ZhiWei">
    <!--
      WARNING - @mbg.generated
      This element is automatically generated by MyBatis Generator, do not modify.
    -->
    insert into zhiwei (id, zhiweimingcheng, zhiweimiaoshu, 
      chaxunquanxina, kaohequanxian, tongjichaxun, 
      quanxianguanli, houtaiguanli)
    values (#{id,jdbcType=VARCHAR}, #{zhiweimingcheng,jdbcType=VARCHAR}, #{zhiweimiaoshu,jdbcType=VARCHAR}, 
      #{chaxunquanxina,jdbcType=VARCHAR}, #{kaohequanxian,jdbcType=VARCHAR}, #{tongjichaxun,jdbcType=VARCHAR}, 
      #{quanxianguanli,jdbcType=VARCHAR}, #{houtaiguanli,jdbcType=VARCHAR})
  </insert>
  <insert id="insertSelective" parameterType="com.sanzu.pojo.ZhiWei">
    <!--
      WARNING - @mbg.generated
      This element is automatically generated by MyBatis Generator, do not modify.
    -->
    insert into zhiwei
    <trim prefix="(" suffix=")" suffixOverrides=",">
      <if test="id != null">
        id,
      </if>
      <if test="zhiweimingcheng != null">
        zhiweimingcheng,
      </if>
      <if test="zhiweimiaoshu != null">
        zhiweimiaoshu,
      </if>
      <if test="chaxunquanxina != null">
        chaxunquanxina,
      </if>
      <if test="kaohequanxian != null">
        kaohequanxian,
      </if>
      <if test="tongjichaxun != null">
        tongjichaxun,
      </if>
      <if test="quanxianguanli != null">
        quanxianguanli,
      </if>
      <if test="houtaiguanli != null">
        houtaiguanli,
      </if>
    </trim>
    <trim prefix="values (" suffix=")" suffixOverrides=",">
      <if test="id != null">
        #{id,jdbcType=VARCHAR},
      </if>
      <if test="zhiweimingcheng != null">
        #{zhiweimingcheng,jdbcType=VARCHAR},
      </if>
      <if test="zhiweimiaoshu != null">
        #{zhiweimiaoshu,jdbcType=VARCHAR},
      </if>
      <if test="chaxunquanxina != null">
        #{chaxunquanxina,jdbcType=VARCHAR},
      </if>
      <if test="kaohequanxian != null">
        #{kaohequanxian,jdbcType=VARCHAR},
      </if>
      <if test="tongjichaxun != null">
        #{tongjichaxun,jdbcType=VARCHAR},
      </if>
      <if test="quanxianguanli != null">
        #{quanxianguanli,jdbcType=VARCHAR},
      </if>
      <if test="houtaiguanli != null">
        #{houtaiguanli,jdbcType=VARCHAR},
      </if>
    </trim>
  </insert>
  <update id="updateByPrimaryKeySelective" parameterType="com.sanzu.pojo.ZhiWei">
    <!--
      WARNING - @mbg.generated
      This element is automatically generated by MyBatis Generator, do not modify.
    -->
    update zhiwei
    <set>
      <if test="zhiweimingcheng != null">
        zhiweimingcheng = #{zhiweimingcheng,jdbcType=VARCHAR},
      </if>
      <if test="zhiweimiaoshu != null">
        zhiweimiaoshu = #{zhiweimiaoshu,jdbcType=VARCHAR},
      </if>
      <if test="chaxunquanxina != null">
        chaxunquanxina = #{chaxunquanxina,jdbcType=VARCHAR},
      </if>
      <if test="kaohequanxian != null">
        kaohequanxian = #{kaohequanxian,jdbcType=VARCHAR},
      </if>
      <if test="tongjichaxun != null">
        tongjichaxun = #{tongjichaxun,jdbcType=VARCHAR},
      </if>
      <if test="quanxianguanli != null">
        quanxianguanli = #{quanxianguanli,jdbcType=VARCHAR},
      </if>
      <if test="houtaiguanli != null">
        houtaiguanli = #{houtaiguanli,jdbcType=VARCHAR},
      </if>
    </set>
    where id = #{id,jdbcType=VARCHAR}
  </update>
  <update id="updateByPrimaryKey" parameterType="com.sanzu.pojo.ZhiWei">
    <!--
      WARNING - @mbg.generated
      This element is automatically generated by MyBatis Generator, do not modify.
    -->
    update zhiwei
    set zhiweimingcheng = #{zhiweimingcheng,jdbcType=VARCHAR},
      zhiweimiaoshu = #{zhiweimiaoshu,jdbcType=VARCHAR},
      chaxunquanxina = #{chaxunquanxina,jdbcType=VARCHAR},
      kaohequanxian = #{kaohequanxian,jdbcType=VARCHAR},
      tongjichaxun = #{tongjichaxun,jdbcType=VARCHAR},
      quanxianguanli = #{quanxianguanli,jdbcType=VARCHAR},
      houtaiguanli = #{houtaiguanli,jdbcType=VARCHAR}
    where id = #{id,jdbcType=VARCHAR}
  </update>
</mapper>